<?xml version="1.0" encoding="utf-8"?>
<extension type="module" version="3.1.0" client="site" method="upgrade">
	<name>MOD_SLIDERSLICK</name>
	<author>@Javi_Mata</author>
	<creationDate>November 2017</creationDate>
	<copyright>Copyright (C) 2017 - All rights reserved.</copyright>
	<license>http://www.gnu.org/licenses/gpl-2.0.html GNU/GPL</license>
	<authorEmail>javimata@gmail.com</authorEmail>
	<authorUrl>www.javimata.com</authorUrl>
	<version>1.0.1</version>
	<description>MOD_SLIDERSLICK_XML_DESCRIPTION</description>

    <updateservers>
        <server type="extension" name="Slider Slick" priority="1">http://updates.javimata.com/mod_sliderslick_update.xml</server>
    </updateservers>

	<files>
		<filename module="mod_sliderslick">mod_sliderslick.php</filename>
		<filename>helper.php</filename>
		<folder>assets</folder>
		<folder>language</folder>
		<folder>tmpl</folder>
	</files>

	<languages folder="language">
		<language tag="en-GB">en-GB/en-GB.mod_sliderslick.ini</language>
		<language tag="en-GB">en-GB/en-GB.mod_sliderslick.sys.ini</language>
		<language tag="es-ES">es-ES/es-ES.mod_sliderslick.ini</language>
		<language tag="es-ES">es-ES/es-ES.mod_sliderslick.sys.ini</language>
	</languages>

	<config>
		<fields name="params">
			<fieldset name="basic">

				<field name="slides_show" type="text" default="1" label="MOD_SLIDERSLICK_SHOW_LABEL" description="MOD_SLIDERSLICK_SHOW_DESC" filter="integer" />
				<field name="slides_limit" type="text" default="0" label="MOD_SLIDERSLICK_LIMIT_LABEL" description="MOD_SLIDERSLICK_LIMIT_DESC" filter="integer" />

				<field name="source" type="list" label="MOD_SLIDERSLICK_SOURCE_LABEL" description="MOD_SLIDERSLICK_SOURCE_DESC" default="1">
					<option value="1">MOD_SLIDERSLICK_SOURCE_TYPE1</option>
					<option value="2">MOD_SLIDERSLICK_SOURCE_TYPE2</option>
					<option value="3">MOD_SLIDERSLICK_SOURCE_TYPE3</option>
				</field>


				<field name="source_folder" type="folderlist" default="MOD_SLIDERSLICK_SOURCE_FOLDER_DESC" label="MOD_SLIDERSLICK_SOURCE_FOLDER_LABEL" directory="images" filter="" exclude="" stripext="" showon="source:3" />

				<field name="source_folder_custom" type="text" label="MOD_SLIDERSLICK_SOURCE_FOLDER_CUSTOM_LABEL" description="MOD_SLIDERSLICK_SOURCE_FOLDER_CUSTOM_DESC" showon="source:3" />
				
				<field name="source_content_image" type="list" label="MOD_SLIDERSLICK_SOURCE_CONTENT_IMAGE_LABEL" description="MOD_SLIDERSLICK_SOURCE_CONTENT_IMAGE__DESC" default="1" showon="source:1">
				  <option value="1">MOD_SLIDERSLICK_SOURCE_CONTENT_IMAGE_SOURCE1</option>
				  <option value="2">MOD_SLIDERSLICK_SOURCE_CONTENT_IMAGE_SOURCE2</option>
				</field>

				<field name="source_content_link" type="list" label="MOD_SLIDERSLICK_SOURCE_CONTENT_LINK_LABEL" description="MOD_SLIDERSLICK_SOURCE_CONTENT_LINK_DESC" default="1" showon="source:1">
					<option value="1">MOD_SLIDERSLICK_SOURCE_CONTENT_LINK_OPTION1</option>
					<option value="2">MOD_SLIDERSLICK_SOURCE_CONTENT_LINK_OPTION2</option>
					<option value="3">MOD_SLIDERSLICK_SOURCE_CONTENT_LINK_OPTION3</option>
					<option value="4">MOD_SLIDERSLICK_SOURCE_CONTENT_LINK_OPTION4</option>
					<option value="5">MOD_SLIDERSLICK_SOURCE_CONTENT_LINK_OPTION5</option>
					<option value="6">MOD_SLIDERSLICK_SOURCE_CONTENT_LINK_OPTION6</option>
				</field>

				<field name="source_banners_link" type="list" label="MOD_SLIDERSLICK_SOURCE_BANNERS_LINK_LABEL" description="MOD_SLIDERSLICK_SOURCE_BANNERS_LINK_DESC" default="1" showon="source:2">
					<option value="1">MOD_SLIDERSLICK_SOURCE_BANNERS_LINK_OPTION1</option>
					<option value="2">MOD_SLIDERSLICK_SOURCE_BANNERS_LINK_OPTION2</option>
					<option value="3">MOD_SLIDERSLICK_SOURCE_BANNERS_LINK_OPTION3</option>
				</field>

				<field name="source_folder_link" type="list" label="MOD_SLIDERSLICK_SOURCE_FOLDER_LINK_LABEL" description="MOD_SLIDERSLICK_SOURCE_FOLDER_LINK_DESC" default="1" showon="source:3">
					<option value="1">MOD_SLIDERSLICK_SOURCE_FOLDER_LINK_OPTION1</option>
					<option value="2">MOD_SLIDERSLICK_SOURCE_FOLDER_LINK_OPTION2</option>
				</field>

				<field name="target_link" type="list" label="MOD_SLIDERSLICK_SOURCE_TARGET_LINK_LABEL" description="MOD_SLIDERSLICK_SOURCE_TARGET_LINK_DESC" default="1" showon="source:1[OR]source:2">
					<option value="1">MOD_SLIDERSLICK_SOURCE_TARGET_LINK_OPTION1</option>
					<option value="2">MOD_SLIDERSLICK_SOURCE_TARGET_LINK_OPTION2</option>
				</field>

				<field name="source_content_category" type="category" extension="com_content" label="MOD_SLIDERSLICK_SOURCE_CONTENT_CATEGORY_LABEL" description="MOD_SLIDERSLICK_SOURCE_CONTENT_CATEGORY_DESC" showon="source:1" />

				<field name="source_banners_category" type="category" extension="com_banners" label="MOD_SLIDERSLICK_SOURCE_BANNERS_CATEGORY_LABEL" description="MOD_SLIDERSLICK_SOURCE_BANNERS_CATEGORY_DESC" showon="source:2" />

				<field name="sortby" type="list" label="MOD_SLIDERSLICK_ORDER_BY_LABEL" description="MOD_SLIDERSLICK_ORDER_BY_DESC" default="title ASC" showon="source:1">
					<option value="title ASC">MOD_SLIDERSLICK_ORDER_BY_OPTION1</option>
					<option value="title DESC">MOD_SLIDERSLICK_ORDER_BY_OPTION2</option>
					<option value="ordering ASC">MOD_SLIDERSLICK_ORDER_BY_OPTION3</option>
					<option value="ordering DESC">MOD_SLIDERSLICK_ORDER_BY_OPTION4</option>
					<option value="id DESC">MOD_SLIDERSLICK_ORDER_BY_OPTION5</option>
					<option value="id DESC">MOD_SLIDERSLICK_ORDER_BY_OPTION6</option>
					<option value="rand()">MOD_SLIDERSLICK_ORDER_BY_OPTION7</option>
				</field>

				<field name="sortbyb" type="list" label="MOD_SLIDERSLICK_ORDER_BY_LABEL" description="MOD_SLIDERSLICK_ORDER_BY_DESC" default="title ASC" showon="source:2">
					<option value="name ASC">MOD_SLIDERSLICK_ORDER_BY_OPTION1</option>
					<option value="name DESC">MOD_SLIDERSLICK_ORDER_BY_OPTION2</option>
					<option value="ordering ASC">MOD_SLIDERSLICK_ORDER_BY_OPTION3</option>
					<option value="ordering DESC">MOD_SLIDERSLICK_ORDER_BY_OPTION4</option>
					<option value="rand()">MOD_SLIDERSLICK_ORDER_BY_OPTION5</option>
				</field>

				<field type="spacer" name="spacer-basic" label="" />

			</fieldset>

			<fieldset name="configuration" label="MOD_SLIDERSLICK_TAB_CONFIG">

				<field name="add_css" class="btn-group btn-group-yesno" buttons="true" type="radio" default="true" label="MOD_SLIDERSLICK_CONFIGURATION_ADD_CSS_LABEL" description="MOD_SLIDERSLICK_CONFIGURATION_ADD_CSS_DESC">
				  <option value="true">JYES</option>
				  <option value="false">JNO</option>
				</field>

				<field name="config_accessibility" class="btn-group btn-group-yesno" buttons="true" type="radio" default="false" label="MOD_SLIDERSLICK_CONFIGURATION_ACCESSIBILITY_LABEL" description="MOD_SLIDERSLICK_CONFIGURATION_ACCESSIBILITY_DESC">
				  <option value="true">JYES</option>
				  <option value="false">JNO</option>
				</field>

				<field name="config_adaptiveheight" class="btn-group btn-group-yesno" buttons="true" type="radio" default="false" label="MOD_SLIDERSLICK_CONFIGURATION_ADAPTIVE_HEIGHT_LABEL" description="MOD_SLIDERSLICK_CONFIGURATION_ADAPTIVE_HEIGHT_DESC">
				  <option value="true">JYES</option>
				  <option value="false">JNO</option>
				</field>

				<field name="config_autoplay" class="btn-group btn-group-yesno" buttons="true" type="radio" default="true" label="MOD_SLIDERSLICK_CONFIGURATION_AUTOPLAY_LABEL" description="MOD_SLIDERSLICK_CONFIGURATION_AUTOPLAY_DESC">
				  <option value="true">JYES</option>
				  <option value="false">JNO</option>
				</field>

				<field name="config_arrows" class="btn-group btn-group-yesno" buttons="true" type="radio" default="true" label="MOD_SLIDERSLICK_CONFIGURATION_ARROWS_LABEL" description="MOD_SLIDERSLICK_CONFIGURATION_ARROWS_DESC">
				  <option value="true">JYES</option>
				  <option value="false">JNO</option>
				</field>

				<field name="config_centermode" class="btn-group btn-group-yesno" buttons="true" type="radio" default="false" label="MOD_SLIDERSLICK_CONFIGURATION_CENTERMODE_LABEL" description="MOD_SLIDERSLICK_CONFIGURATION_CENTERMODE_DESC">
				  <option value="true">JYES</option>
				  <option value="false">JNO</option>
				</field>

				<field name="config_dots" class="btn-group btn-group-yesno" buttons="true" type="radio" default="true" label="MOD_SLIDERSLICK_CONFIGURATION_DOTS_LABEL" description="MOD_SLIDERSLICK_CONFIGURATION_DOTS_DESC">
				  <option value="true">JYES</option>
				  <option value="false">JNO</option>
				</field>

				<field name="config_draggable" class="btn-group btn-group-yesno" buttons="true" type="radio" default="true" label="MOD_SLIDERSLICK_CONFIGURATION_DRAGGABLE_LABEL" description="MOD_SLIDERSLICK_CONFIGURATION_DRAGGABLE_DESC">
				  <option value="true">JYES</option>
				  <option value="false">JNO</option>
				</field>

				<field name="config_fade" class="btn-group btn-group-yesno" buttons="true" type="radio" default="false" label="MOD_SLIDERSLICK_CONFIGURATION_FADE_LABEL" description="MOD_SLIDERSLICK_CONFIGURATION_FADE_DESC">
				  <option value="true">JYES</option>
				  <option value="false">JNO</option>
				</field>

				<field name="config_variablewidth" class="btn-group btn-group-yesno" buttons="true" type="radio" default="false" label="MOD_SLIDERSLICK_CONFIGURATION_VARIABLE_WIDTH_LABEL" description="MOD_SLIDERSLICK_CONFIGURATION_VARIABLE_WIDTH_DESC">
				  <option value="true">JYES</option>
				  <option value="false">JNO</option>
				</field>




			</fieldset>

			<fieldset name="slides" label="MOD_SLIDERSLICK_TAB_SLIDES">

				<field name="show_title_item" class="btn-group btn-group-yesno" buttons="true" type="radio" default="0" label="MOD_SLIDERSLICK_SLIDES_SHOW_TITLE_LABEL" description="MOD_SLIDERSLICK_SLIDES_SHOW_TITLE_DESC">
				  <option value="1">JYES</option>
				  <option value="0">JNO</option>
				</field>

				<field name="show_readmore_item" class="btn-group btn-group-yesno" buttons="true" type="radio" default="0" label="MOD_SLIDERSLICK_SLIDES_SHOW_READMORE_LABEL" description="MOD_SLIDERSLICK_SLIDES_SHOW_READMORE_DESC">
				  <option value="1">JYES</option>
				  <option value="0">JNO</option>
				</field>

			</fieldset>

			<fieldset name="plugin" label="MOD_SLIDERSLICK_TAB_PLUGIN">

				<field name="source_plugin" type="list" label="MOD_SLIDERSLICK_SOURCE_PLUGIN_LABEL" description="MOD_SLIDERSLICK_SOURCE_PLUGIN_DESC" default="1">
					<option value="1">MOD_SLIDERSLICK_SOURCE_PLUGIN_TYPE1</option>
					<option value="2">MOD_SLIDERSLICK_SOURCE_PLUGIN_TYPE2</option>
				</field>

				<field name="note_source_plugin_local" type="note" class="alert" label="MOD_SLIDERSLICK_SOURCE_PLUGIN_NOTE_LABEL" description="MOD_SLIDERSLICK_SOURCE_PLUGIN_NOTE_DESC" showon="source_plugin:1" />

				<field name="source_plugin_js" type="text" default="http://cdn.jsdelivr.net/jquery.slick/1.6.0/slick.min.js" label="MOD_SLIDERSLICK_SOURCE_PLUGIN_CDN_JS_LABEL" description="MOD_SLIDERSLICK_SOURCE_PLUGIN_CDN_JS_DESC" showon="source_plugin:2" />
				<field name="source_plugin_css" type="text" default="http://cdn.jsdelivr.net/jquery.slick/1.6.0/slick.css" label="MOD_SLIDERSLICK_SOURCE_PLUGIN_CDN_CSS_LABEL" description="MOD_SLIDERSLICK_SOURCE_PLUGIN_CDN_CSS_DESC" showon="source_plugin:2" />
				<field name="source_plugin_theme" type="text" default="http://cdn.jsdelivr.net/jquery.slick/1.6.0/slick.theme.css" label="MOD_SLIDERSLICK_SOURCE_PLUGIN_CDN_THEME_LABEL" description="MOD_SLIDERSLICK_SOURCE_PLUGIN_CDN_THEME_DESC" showon="source_plugin:2" />

			</fieldset>


			<fieldset name="advanced">

				<field name="layout" type="modulelayout" label="JFIELD_ALT_LAYOUT_LABEL" description="JFIELD_ALT_MODULE_LAYOUT_DESC" />

				<field name="className" type="text" default="" label="MOD_SLIDERSLICK_CLASS_LABEL" description="MOD_SLIDERSLICK_CLASS_DESC" />

				<field name="idName" type="text" default="" label="MOD_SLIDERSLICK_ID_LABEL" description="MOD_SLIDERSLICK_ID_DESC" />

			</fieldset>

		</fields>

	</config>
</extension>